Workbook

Sheet MLB Teams Payroll
A1: Team | B1: Record | C1: Tax Payroll | D1: Cap Space | E1: Luxury Tax Bill | F1: Year
A2: LAD | B2: 93-69 | C2: 416823208 | D2: -175823208 | E2: 168805529 | F2: 2025
A3: NYM | B3: 83-79 | C3: 341471934 | D3: -100471934 | E3: 85919127 | F3: 2025
A4: NYY | B4: 94-68 | C4: 318095908 | D4: -77095908 | E4: 60205499 | F4: 2025
A5: PHI | B5: 96-66 | C5: 308027103 | D5: -67027103 | E5: 49129813 | F5: 2025
A6: TOR | B6: 94-68 | C6: 280036096 | D6: -39036096 | E6: 10000000 | F6: 2025
A7: SD | B7: 90-72 | C7: 273108464 | D7: -32108464 | E7: 10000000 | F7: 2025
A8: BOS | B8: 89-73 | C8: 245685904 | D8: -4685904 | E8: 937181 | F8: 2025
A9: HOU | B9: 87-75 | C9: 244685373 | D9: -3685373 | E9: 1105612 | F9: 2025
A10: TEX | B10: 81-81 | C10: 239418828 | D10: 1581172 | E10: - | F10: 2025
A11: ATL | B11: 76-86 | C11: 237534306 | D11: 3465694 | E11: - | F11: 2025
A12: CHC | B12: 92-70 | C12: 227017252 | D12: 13982748 | E12: - | F12: 2025
A13: LAA | B13: 72-90 | C13: 220094210 | D13: 20905790 | E13: - | F13: 2025
A14: SF | B14: 81-81 | C14: 217982568 | D14: 23017432 | E14: - | F14: 2025
A15: ARI | B15: 80-82 | C15: 211450764 | D15: 29549236 | E15: - | F15: 2025
A16: SEA | B16: 90-72 | C16: 190939946 | D16: 50060054 | E16: - | F16: 2025
A17: BAL | B17: 75-87 | C17: 175904710 | D17: 65095290 | E17: - | F17: 2025
A18: KC | B18: 82-80 | C18: 174333472 | D18: 66666528 | E18: - | F18: 2025
A19: DET | B19: 87-75 | C19: 168688606 | D19: 72311394 | E19: - | F19: 2025
A20: STL | B20: 78-84 | C20: 156648581 | D20: 84351419 | E20: - | F20: 2025
A21: MIL | B21: 97-65 | C21: 145656240 | D21: 95343760 | E21: - | F21: 2025
... A31: MIA | B31: 79-83 | C31: 85266547 | D31: 155733453 | E31: - | F31: 2025
A32: LAD | B32: 98-64 | C32: 353015360 | D32: =237000000 - 'MLB Teams Payroll'!$C32 -> -116015360 | E32: 103016896 | F32: 2024
A33: NYM | B33: 89-73 | C33: 347650554 | D33: =237000000 - 'MLB Teams Payroll'!$C33 -> -110650554 | E33: 97115609 | F33: 2024
A34: NYY | B34: 94-68 | C34: 316192828 | D34: =237000000 - 'MLB Teams Payroll'!$C34 -> -79192828 | E34: 62512111 | F34: 2024
A35: ATL | B35: 89-73 | C35: 276144038 | D35: =237000000 - 'MLB Teams Payroll'!$C35 -> -39144038 | E35: 14026496 | F35: 2024
A36: TEX | B36: 78-84 | C36: 268445491 | D36: =237000000 - 'MLB Teams Payroll'!$C36 -> -31445491 | E36: 10807106 | F36: 2024
A37: HOU | B37: 88-73 | C37: 264759503 | D37: =237000000 - 'MLB Teams Payroll'!$C37 -> -27759503 | E37: 6483041 | F37: 2024
A38: PHI | B38: 95-67 | C38: 264314134 | D38: =237000000 - 'MLB Teams Payroll'!$C38 -> -27314134 | E38: 14351954 | F38: 2024
A39: SF | B39: 80-82 | C39: 249108939 | D39: =237000000 - 'MLB Teams Payroll'!$C39 -> -12108939 | E39: 2421788 | F39: 2024
A40: CHC | B40: 83-79 | C40: 239851546 | D40: =237000000 - 'MLB Teams Payroll'!$C40 -> -2851546 | E40: 570309 | F40: 2024
A41: TOR | B41: 74-88 | C41: 233920561 | D41: =237000000 - 'MLB Teams Payroll'!$C41 -> 3079439 | E41: - | F41: 2024
A42: SD | B42: 93-69 | C42: 227767386 | D42: =237000000 - 'MLB Teams Payroll'!$C42 -> 9232614 | E42: - | F42: 2024
A43: BOS | B43: 81-81 | C43: 226128399 | D43: =237000000 - 'MLB Teams Payroll'!$C43 -> 10871601 | E43: - | F43: 2024
A44: ARI | B44: 89-73 | C44: 223742984 | D44: =237000000 - 'MLB Teams Payroll'!$C44 -> 13257016 | E44: - | F44: 2024
A45: STL | B45: 83-79 | C45: 207746783 | D45: =237000000 - 'MLB Teams Payroll'!$C45 -> 29253217 | E45: - | F45: 2024
A46: LAA | B46: 63-99 | C46: 189997640 | D46: =237000000 - 'MLB Teams Payroll'!$C46 -> 47002360 | E46: - | F46: 2024
A47: COL | B47: 61-101 | C47: 171035859 | D47: =237000000 - 'MLB Teams Payroll'!$C47 -> 65964141 | E47: - | F47: 2024
A48: SEA | B48: 85-77 | C48: 167805639 | D48: =237000000 - 'MLB Teams Payroll'!$C48 -> 69194361 | E48: - | F48: 2024
A49: MIL | B49: 93-69 | C49: 162786812 | D49: =237000000 - 'MLB Teams Payroll'!$C49 -> 74213188 | E49: - | F49: 2024
A50: MIN | B50: 82-80 | C50: 160175512 | D50: =237000000 - 'MLB Teams Payroll'!$C50 -> 76824488 | E50: - | F50: 2024
A51: KC | B51: 86-76 | C51: 160062995 | D51: =237000000 - 'MLB Teams Payroll'!$C51 -> 76937005 | E51: - | F51: 2024
A52: CLE | B52: 92-69 | C52: 143865037 | D52: =237000000 - 'MLB Teams Payroll'!$C52 -> 93134963 | E52: - | F52: 2024
... A61: OAK | B61: 69-93 | C61: 83912541 | D61: =237000000 - 'MLB Teams Payroll'!$C61 -> 153087459 | E61: - | F61: 2024
A62: NYM | B62: 75-87 | C62: 374676003 | D62: =233000000-'MLB Teams Payroll'!$C62 -> -141676003 | E62: 100781932 | F62: 2023
A63: NYY | B63: 82-80 | C63: 296332629 | D63: =233000000-'MLB Teams Payroll'!$C63 -> -63332629 | E63: 32399366 | F63: 2023
A64: SD | B64: 82-80 | C64: 291204162 | D64: =233000000-'MLB Teams Payroll'!$C64 -> -58204162 | E64: 39693954 | F64: 2023
A65: LAD | B65: 100-62 | C65: 268198867 | D65: =233000000-'MLB Teams Payroll'!$C65 -> -35198867 | E65: 19423297 | F65: 2023
A66: TOR | B66: 89-73 | C66: 257798413 | D66: =233000000-'MLB Teams Payroll'!$C66 -> -24798413 | E66: 5535492 | F66: 2023
A67: PHI | B67: 90-72 | C67: 255327012 | D67: =233000000-'MLB Teams Payroll'!$C67 -> -22327012 | E67: 6977345 | F67: 2023
A68: ATL | B68: 104-58 | C68: 248797681 | D68: =233000000-'MLB Teams Payroll'!$C68 -> -15797681 | E68: 3159536 | F68: 2023
A69: TEX | B69: 90-72 | C69: 242135712 | D69: =233000000-'MLB Teams Payroll'!$C69 -> -9135712 | E69: 1827142 | F69: 2023
A70: LAA | B70: 73-89 | C70: 232971346 | D70: =233000000-'MLB Teams Payroll'!$C70 -> 28654 | E70: - | F70: 2023
A71: CHC | B71: 83-79 | C71: 230302842 | D71: =233000000-'MLB Teams Payroll'!$C71 -> 2697158 | E71: - | F71: 2023
A72: HOU | B72: 90-72 | C72: 226272705 | D72: =233000000-'MLB Teams Payroll'!$C72 -> 6727295 | E72: - | F72: 2023
A73: BOS | B73: 78-84 | C73: 225767320 | D73: =233000000-'MLB Teams Payroll'!$C73 -> 7232680 | E73: - | F73: 2023
A74: SF | B74: 79-83 | C74: 218452983 | D74: =233000000-'MLB Teams Payroll'!$C74 -> 14547017 | E74: - | F74: 2023
A75: CHW | B75: 61-101 | C75: 200575358 | D75: =233000000-'MLB Teams Payroll'!$C75 -> 32424642 | E75: - | F75: 2023
A76: COL | B76: 59-103 | C76: 194481951 | D76: =233000000-'MLB Teams Payroll'!$C76 -> 38518049 | E76: - | F76: 2023
A77: STL | B77: 71-91 | C77: 186465650 | D77: =233000000-'MLB Teams Payroll'!$C77 -> 46534350 | E77: - | F77: 2023
A78: SEA | B78: 88-74 | C78: 183361816 | D78: =233000000-'MLB Teams Payroll'!$C78 -> 49638184 | E78: - | F78: 2023
A79: MIN | B79: 87-75 | C79: 177100325 | D79: =233000000-'MLB Teams Payroll'!$C79 -> 55899675 | E79: - | F79: 2023
A80: ARI | B80: 84-78 | C80: 154606985 | D80: =233000000-'MLB Teams Payroll'!$C80 -> 78393015 | E80: - | F80: 2023
A81: MIL | B81: 92-70 | C81: 151785069 | D81: =233000000-'MLB Teams Payroll'!$C81 -> 81214931 | E81: - | F81: 2023
... A91: OAK | B91: 50-112 | C91: 81759852 | D91: =233000000-'MLB Teams Payroll'!$C91 -> 151240148 | E91: - | F91: 2023
A92: NYM | B92: 101-61 | C92: 299842423 | D92: =230000000 -'MLB Teams Payroll'!$C92 -> -69842423 | E92: 30773938 | F92: 2022
A93: LAD | B93: 111-51 | C93: 293330382 | D93: =230000000 -'MLB Teams Payroll'!$C93 -> -63330382 | E93: 32397344 | F93: 2022
A94: NYY | B94: 99-63 | C94: 267753417 | D94: =230000000 -'MLB Teams Payroll'!$C94 -> -37753417 | E94: 9681093 | F94: 2022
A95: PHI | B95: 87-75 | C95: 244413284 | D95: =230000000 -'MLB Teams Payroll'!$C95 -> -14413284 | E95: 2882657 | F95: 2022
A96: BOS | B96: 78-84 | C96: 236149678 | D96: =230000000 -'MLB Teams Payroll'!$C96 -> -6149678 | E96: 1229936 | F96: 2022
A97: SD | B97: 89-73 | C97: 235082125 | D97: =230000000 -'MLB Teams Payroll'!$C97 -> -5082125 | E97: 1524638 | F97: 2022
A98: CHW | B98: 81-81 | C98: 215631300 | D98: =230000000 -'MLB Teams Payroll'!$C98 -> 14368700 | E98: - | F98: 2022
A99: ATL | B99: 101-61 | C99: 214092505 | D99: =230000000 -'MLB Teams Payroll'!$C99 -> 15907495 | E99: - | F99: 2022
A100: HOU | B100: 106-56 | C100: 210686230 | D100: =230000000 -'MLB Teams Payroll'!$C100 -> 19313770 | E100: - | F100: 2022
A101: TOR | B101: 92-70 | C101: 198543787 | D101: =230000000 -'MLB Teams Payroll'!$C101 -> 31456213 | E101: - | F101: 2022
A102: LAA | B102: 73-89 | C102: 193269044 | D102: =230000000 -'MLB Teams Payroll'!$C102 -> 36730956 | E102: - | F102: 2022
A103: CHC | B103: 74-88 | C103: 180512338 | D103: =230000000 -'MLB Teams Payroll'!$C103 -> 49487662 | E103: - | F103: 2022
A104: STL | B104: 93-69 | C104: 174439667 | D104: =230000000 -'MLB Teams Payroll'!$C104 -> 55560333 | E104: - | F104: 2022
A105: MIN | B105: 78-84 | C105: 173198565 | D105: =230000000 -'MLB Teams Payroll'!$C105 -> 56801435 | E105: - | F105: 2022
A106: COL | B106: 68-94 | C106: 172251358 | D106: =230000000 -'MLB Teams Payroll'!$C106 -> 57748642 | E106: - | F106: 2022
A107: SF | B107: 81-81 | C107: 171423107 | D107: =230000000 -'MLB Teams Payroll'!$C107 -> 58576893 | E107: - | F107: 2022
A108: TEX | B108: 68-94 | C108: 160505146 | D108: =230000000 -'MLB Teams Payroll'!$C108 -> 69494854 | E108: - | F108: 2022
A109: WSH | B109: 55-107 | C109: 160500353 | D109: =230000000 -'MLB Teams Payroll'!$C109 -> 69499647 | E109: - | F109: 2022
... A121: OAK | B121: 60-102 | C121: 65325365 | D121: =230000000 -'MLB Teams Payroll'!$C121 -> 164674635 | E121: - | F121: 2022
A122: LAD | B122: 106-56 | C122: 285599944 | D122: =210000000 - 'MLB Teams Payroll'!$C122 -> -75599944 | E122: 32649965 | F122: 2021
A123: SD | B123: 79-83 | C123: 216467691 | D123: =210000000 - 'MLB Teams Payroll'!$C123 -> -6467691 | E123: 1293538 | F123: 2021
A124: PHI | B124: 82-80 | C124: 209370501 | D124: =210000000 - 'MLB Teams Payroll'!$C124 -> 629499 | E124: - | F124: 2021
A125: NYY | B125: 92-70 | C125: 208418540 | D125: =210000000 - 'MLB Teams Payroll'!$C125 -> 1581460 | E125: - | F125: 2021
A126: NYM | B126: 77-85 | C126: 207728776 | D126: =210000000 - 'MLB Teams Payroll'!$C126 -> 2271224 | E126: - | F126: 2021
A127: BOS | B127: 92-70 | C127: 207640471 | D127: =210000000 - 'MLB Teams Payroll'!$C127 -> 2359529 | E127: - | F127: 2021
A128: HOU | B128: 95-67 | C128: 206641209 | D128: =210000000 - 'MLB Teams Payroll'!$C128 -> 3358791 | E128: - | F128: 2021
A129: LAA | B129: 77-85 | C129: 198984916 | D129: =210000000 - 'MLB Teams Payroll'!$C129 -> 11015084 | E129: - | F129: 2021
A130: STL | B130: 90-72 | C130: 198350234 | D130: =210000000 - 'MLB Teams Payroll'!$C130 -> 11649766 | E130: - | F130: 2021
A131: CHW | B131: 93-69 | C131: 177837827 | D131: =210000000 - 'MLB Teams Payroll'!$C131 -> 32162173 | E131: - | F131: 2021
A132: WSH | B132: 65-97 | C132: 174582117 | D132: =210000000 - 'MLB Teams Payroll'!$C132 -> 35417883 | E132: - | F132: 2021
A133: SF | B133: 107-55 | C133: 173481453 | D133: =210000000 - 'MLB Teams Payroll'!$C133 -> 36518547 | E133: - | F133: 2021
A134: ATL | B134: 88-73 | C134: 172630704 | D134: =210000000 - 'MLB Teams Payroll'!$C134 -> 37369296 | E134: - | F134: 2021
A135: TOR | B135: 91-71 | C135: 166054167 | D135: =210000000 - 'MLB Teams Payroll'!$C135 -> 43945833 | E135: - | F135: 2021
... A151: PIT | B151: 61-101 | C151: 61812141 | D151: =210000000 - 'MLB Teams Payroll'!$C151 -> 148187859 | E151: - | F151: 2021
A152: NYY | B152: 33-27 | C152: 239823270 | D152: =208000000-'MLB Teams Payroll'!$C152 -> -31823270 | E152: 10965773 | F152: 2020
...

Sheet Luxury Tax Threshold
A1: Luxury Tax Threshold | B1: Year
A2: 241000000 | B2: 2025
A3: 237000000 | B3: 2024
A4: 233000000 | B4: 2023
A5: 230000000 | B5: 2022
A6: 210000000 | B6: 2021
A7: 208000000 | B7: 2020
A8: 206000000 | B8: 2019
A9: 197000000 | B9: 2018
A10: 195000000 | B10: 2017
A11: 189000000 | B11: 2016
A12: 189000000 | B12: 2015
A13: 189000000 | B13: 2014
... A15: 178000000 | B15: 2012

Sheet World Series
A1: WS Champion | B1: WS Runner Up | C1: Year
A2: LAD | B2: TOR | C2: 2025
A3: LAD | B3: NYY | C3: 2024
A4: TEX | B4: ARI | C4: 2023
A5: HOU | B5: PHI | C5: 2022
A6: ATL | B6: HOU | C6: 2021
A7: LAD | B7: TB | C7: 2020
A8: WSH | B8: HOU | C8: 2019
A9: BOS | B9: LAD | C9: 2018
A10: HOU | B10: LAD | C10: 2017
A11: CHC | B11: CLE | C11: 2016
A12: KC | B12: NYM | C12: 2015
A13: SFG | B13: KCR | C13: 2014
... A15: SF | B15: DET | C15: 2012
